<?xml version="1.0" encoding="UTF-8"?>
<GenRun Id="impl_1" LaunchPart="xc7a35tcpg236-1" LaunchTime="1685647839">
  <File Type="ROUTE-PWR" Name="game_logic_shell_power_routed.rpt"/>
  <File Type="PA-TCL" Name="game_logic_shell.tcl"/>
  <File Type="BITSTR-MMI" Name="game_logic_shell.mmi"/>
  <File Type="OPT-METHODOLOGY-DRC" Name="game_logic_shell_methodology_drc_opted.rpt"/>
  <File Type="INIT-TIMING" Name="game_logic_shell_timing_summary_init.rpt"/>
  <File Type="ROUTE-PWR-SUM" Name="game_logic_shell_power_summary_routed.pb"/>
  <File Type="REPORTS-TCL" Name="game_logic_shell_reports.tcl"/>
  <File Type="OPT-TIMING" Name="game_logic_shell_timing_summary_opted.rpt"/>
  <File Type="OPT-DCP" Name="game_logic_shell_opt.dcp"/>
  <File Type="OPT-DRC" Name="game_logic_shell_drc_opted.rpt"/>
  <File Type="OPT-HWDEF" Name="game_logic_shell.hwdef"/>
  <File Type="PWROPT-DCP" Name="game_logic_shell_pwropt.dcp"/>
  <File Type="PWROPT-DRC" Name="game_logic_shell_drc_pwropted.rpt"/>
  <File Type="PWROPT-TIMING" Name="game_logic_shell_timing_summary_pwropted.rpt"/>
  <File Type="PLACE-DCP" Name="game_logic_shell_placed.dcp"/>
  <File Type="PLACE-IO" Name="game_logic_shell_io_placed.rpt"/>
  <File Type="PLACE-CLK" Name="game_logic_shell_clock_utilization_placed.rpt"/>
  <File Type="PLACE-UTIL" Name="game_logic_shell_utilization_placed.rpt"/>
  <File Type="PLACE-UTIL-PB" Name="game_logic_shell_utilization_placed.pb"/>
  <File Type="PLACE-CTRL" Name="game_logic_shell_control_sets_placed.rpt"/>
  <File Type="PLACE-SIMILARITY" Name="game_logic_shell_incremental_reuse_placed.rpt"/>
  <File Type="PLACE-PRE-SIMILARITY" Name="game_logic_shell_incremental_reuse_pre_placed.rpt"/>
  <File Type="BG-BIN" Name="game_logic_shell.bin"/>
  <File Type="PLACE-TIMING" Name="game_logic_shell_timing_summary_placed.rpt"/>
  <File Type="POSTPLACE-PWROPT-DCP" Name="game_logic_shell_postplace_pwropt.dcp"/>
  <File Type="BITSTR-MSK" Name="game_logic_shell.msk"/>
  <File Type="POSTPLACE-PWROPT-TIMING" Name="game_logic_shell_timing_summary_postplace_pwropted.rpt"/>
  <File Type="PHYSOPT-DCP" Name="game_logic_shell_physopt.dcp"/>
  <File Type="PHYSOPT-DRC" Name="game_logic_shell_drc_physopted.rpt"/>
  <File Type="BITSTR-RBT" Name="game_logic_shell.rbt"/>
  <File Type="PHYSOPT-TIMING" Name="game_logic_shell_timing_summary_physopted.rpt"/>
  <File Type="ROUTE-ERROR-DCP" Name="game_logic_shell_routed_error.dcp"/>
  <File Type="ROUTE-DCP" Name="game_logic_shell_routed.dcp"/>
  <File Type="ROUTE-BLACKBOX-DCP" Name="game_logic_shell_routed_bb.dcp"/>
  <File Type="ROUTE-DRC" Name="game_logic_shell_drc_routed.rpt"/>
  <File Type="ROUTE-DRC-PB" Name="game_logic_shell_drc_routed.pb"/>
  <File Type="ROUTE-DRC-RPX" Name="game_logic_shell_drc_routed.rpx"/>
  <File Type="ROUTE-METHODOLOGY-DRC" Name="game_logic_shell_methodology_drc_routed.rpt"/>
  <File Type="ROUTE-METHODOLOGY-DRC-RPX" Name="game_logic_shell_methodology_drc_routed.rpx"/>
  <File Type="ROUTE-METHODOLOGY-DRC-PB" Name="game_logic_shell_methodology_drc_routed.pb"/>
  <File Type="ROUTE-PWR-RPX" Name="game_logic_shell_power_routed.rpx"/>
  <File Type="ROUTE-STATUS" Name="game_logic_shell_route_status.rpt"/>
  <File Type="ROUTE-STATUS-PB" Name="game_logic_shell_route_status.pb"/>
  <File Type="ROUTE-TIMINGSUMMARY" Name="game_logic_shell_timing_summary_routed.rpt"/>
  <File Type="ROUTE-TIMING-PB" Name="game_logic_shell_timing_summary_routed.pb"/>
  <File Type="ROUTE-TIMING-RPX" Name="game_logic_shell_timing_summary_routed.rpx"/>
  <File Type="ROUTE-SIMILARITY" Name="game_logic_shell_incremental_reuse_routed.rpt"/>
  <File Type="ROUTE-CLK" Name="game_logic_shell_clock_utilization_routed.rpt"/>
  <File Type="ROUTE-BUS-SKEW" Name="game_logic_shell_bus_skew_routed.rpt"/>
  <File Type="ROUTE-BUS-SKEW-PB" Name="game_logic_shell_bus_skew_routed.pb"/>
  <File Type="ROUTE-BUS-SKEW-RPX" Name="game_logic_shell_bus_skew_routed.rpx"/>
  <File Type="POSTROUTE-PHYSOPT-DCP" Name="game_logic_shell_postroute_physopt.dcp"/>
  <File Type="POSTROUTE-PHYSOPT-BLACKBOX-DCP" Name="game_logic_shell_postroute_physopt_bb.dcp"/>
  <File Type="POSTROUTE-PHYSOPT-TIMING" Name="game_logic_shell_timing_summary_postroute_physopted.rpt"/>
  <File Type="POSTROUTE-PHYSOPT-TIMING-PB" Name="game_logic_shell_timing_summary_postroute_physopted.pb"/>
  <File Type="POSTROUTE-PHYSOPT-TIMING-RPX" Name="game_logic_shell_timing_summary_postroute_physopted.rpx"/>
  <File Type="POSTROUTE-PHYSOPT-BUS-SKEW" Name="game_logic_shell_bus_skew_postroute_physopted.rpt"/>
  <File Type="BG-BIT" Name="game_logic_shell.bit"/>
  <File Type="POSTROUTE-PHYSOPT-BUS-SKEW-PB" Name="game_logic_shell_bus_skew_postroute_physopted.pb"/>
  <File Type="POSTROUTE-PHYSOPT-BUS-SKEW-RPX" Name="game_logic_shell_bus_skew_postroute_physopted.rpx"/>
  <File Type="BITSTR-NKY" Name="game_logic_shell.nky"/>
  <File Type="BITSTR-BMM" Name="game_logic_shell_bd.bmm"/>
  <File Type="PDI-FILE" Name="game_logic_shell.pdi"/>
  <File Type="RCFI_FILE" Name="game_logic_shell.rcfi"/>
  <File Type="CFI_FILE" Name="game_logic_shell.cfi"/>
  <File Type="RNPI_FILE" Name="game_logic_shell.rnpi"/>
  <File Type="NPI_FILE" Name="game_logic_shell.npi"/>
  <File Type="RBD_FILE" Name="game_logic_shell.rbd"/>
  <File Type="BITSTR-LTX" Name="debug_nets.ltx"/>
  <File Type="BITSTR-LTX" Name="game_logic_shell.ltx"/>
  <File Type="BITSTR-SYSDEF" Name="game_logic_shell.sysdef"/>
  <File Type="BG-BGN" Name="game_logic_shell.bgn"/>
  <File Type="BG-DRC" Name="game_logic_shell.drc"/>
  <File Type="RDI-RDI" Name="game_logic_shell.vdi"/>
  <File Type="WBT-USG" Name="usage_statistics_webtalk.html"/>
  <FileSet Name="sources" Type="DesignSrcs" RelSrcDir="$PSRCDIR/sources_1" RelGenDir="$PGENDIR/sources_1">
    <Filter Type="Srcs"/>
    <File Path="$PSRCDIR/sources_1/new/display_logic.vhd">
      <FileInfo>
        <Attr Name="UsedIn" Val="synthesis"/>
        <Attr Name="UsedIn" Val="simulation"/>
      </FileInfo>
    </File>
    <File Path="$PSRCDIR/sources_1/new/input_conditioning.vhd">
      <FileInfo>
        <Attr Name="UsedIn" Val="synthesis"/>
        <Attr Name="UsedIn" Val="simulation"/>
      </FileInfo>
    </File>
    <File Path="$PSRCDIR/sources_1/new/mc_port_gen.vhd">
      <FileInfo>
        <Attr Name="UsedIn" Val="synthesis"/>
        <Attr Name="UsedIn" Val="simulation"/>
      </FileInfo>
    </File>
    <File Path="$PSRCDIR/sources_1/new/morse_code_decoder.vhd">
      <FileInfo>
        <Attr Name="UsedIn" Val="synthesis"/>
        <Attr Name="UsedIn" Val="simulation"/>
      </FileInfo>
    </File>
    <File Path="$PSRCDIR/sources_1/new/mux7seg.vhd">
      <FileInfo>
        <Attr Name="UsedIn" Val="synthesis"/>
        <Attr Name="UsedIn" Val="simulation"/>
      </FileInfo>
    </File>
    <File Path="$PSRCDIR/sources_1/new/sound_generator.vhd">
      <FileInfo>
        <Attr Name="UsedIn" Val="synthesis"/>
        <Attr Name="UsedIn" Val="simulation"/>
      </FileInfo>
    </File>
    <File Path="$PSRCDIR/sources_1/new/system_clock_generator.vhd">
      <FileInfo>
        <Attr Name="UsedIn" Val="synthesis"/>
        <Attr Name="UsedIn" Val="simulation"/>
      </FileInfo>
    </File>
    <File Path="$PSRCDIR/sources_1/new/vga_logic.vhd">
      <FileInfo>
        <Attr Name="UsedIn" Val="synthesis"/>
        <Attr Name="UsedIn" Val="simulation"/>
      </FileInfo>
    </File>
    <File Path="$PSRCDIR/sources_1/new/vga_sub_shell.vhd">
      <FileInfo>
        <Attr Name="UsedIn" Val="synthesis"/>
        <Attr Name="UsedIn" Val="simulation"/>
      </FileInfo>
    </File>
    <File Path="$PSRCDIR/sources_1/new/vga_top_shell.vhd">
      <FileInfo>
        <Attr Name="UsedIn" Val="synthesis"/>
        <Attr Name="UsedIn" Val="simulation"/>
      </FileInfo>
    </File>
    <File Path="$PSRCDIR/sources_1/new/game_logic_shell.v">
      <FileInfo SFType="VHDL">
        <Attr Name="UsedIn" Val="synthesis"/>
        <Attr Name="UsedIn" Val="simulation"/>
      </FileInfo>
    </File>
    <File Path="$PPRDIR/romvga.coe">
      <FileInfo>
        <Attr Name="UsedIn" Val="synthesis"/>
        <Attr Name="UsedIn" Val="simulation"/>
      </FileInfo>
    </File>
    <File Path="$PPRDIR/../final_project_may25/final_project_vivado/rom.coe">
      <FileInfo>
        <Attr Name="UsedIn" Val="synthesis"/>
        <Attr Name="UsedIn" Val="simulation"/>
      </FileInfo>
    </File>
    <Config>
      <Option Name="DesignMode" Val="RTL"/>
      <Option Name="TopModule" Val="game_logic_shell"/>
      <Option Name="TopAutoSet" Val="TRUE"/>
    </Config>
  </FileSet>
  <FileSet Name="constrs_in" Type="Constrs" RelSrcDir="$PSRCDIR/constrs_1">
    <Filter Type="Constrs"/>
    <File Path="$PSRCDIR/constrs_1/new/decoder_vga_constraints.xdc">
      <FileInfo>
        <Attr Name="UsedIn" Val="synthesis"/>
        <Attr Name="UsedIn" Val="implementation"/>
      </FileInfo>
    </File>
    <Config>
      <Option Name="ConstrsType" Val="XDC"/>
    </Config>
  </FileSet>
  <FileSet Name="utils" Type="Utils" RelSrcDir="$PSRCDIR/utils_1">
    <Filter Type="Utils"/>
    <File Path="$PSRCDIR/utils_1/imports/synth_1/game_logic_shell.dcp">
      <FileInfo>
        <Attr Name="UsedIn" Val="synthesis"/>
        <Attr Name="UsedIn" Val="implementation"/>
        <Attr Name="UsedInSteps" Val="synth_1"/>
        <Attr Name="AutoDcp" Val="1"/>
      </FileInfo>
    </File>
    <Config>
      <Option Name="TopAutoSet" Val="TRUE"/>
    </Config>
  </FileSet>
  <Strategy Version="1" Minor="2">
    <StratHandle Name="Vivado Implementation Defaults" Flow="Vivado Implementation 2021"/>
    <Step Id="init_design"/>
    <Step Id="opt_design"/>
    <Step Id="power_opt_design"/>
    <Step Id="place_design"/>
    <Step Id="post_place_power_opt_design"/>
    <Step Id="phys_opt_design"/>
    <Step Id="route_design"/>
    <Step Id="post_route_phys_opt_design"/>
    <Step Id="write_bitstream"/>
  </Strategy>
  <BlockFileSet Type="BlockSrcs" Name="bitmaps"/>
  <BlockFileSet Type="BlockSrcs" Name="ascii_memory"/>
</GenRun>
