<?xml version="1.0" encoding="UTF-8"?>
<GenRun Id="bitmaps_synth_1" LaunchPart="xc7a35tcpg236-1" LaunchTime="1685643269">
  <File Type="PA-TCL" Name="bitmaps.tcl"/>
  <File Type="REPORTS-TCL" Name="bitmaps_reports.tcl"/>
  <File Type="RDS-RDS" Name="bitmaps.vds"/>
  <File Type="RDS-UTIL" Name="bitmaps_utilization_synth.rpt"/>
  <File Type="RDS-UTIL-PB" Name="bitmaps_utilization_synth.pb"/>
  <File Type="RDS-DCP" Name="bitmaps.dcp"/>
  <FileSet Name="sources" Type="BlockSrcs" RelSrcDir="$PSRCDIR/bitmaps">
    <File Path="$PSRCDIR/sources_1/ip/bitmaps/bitmaps.xci">
      <FileInfo>
        <Attr Name="UsedIn" Val="synthesis"/>
        <Attr Name="UsedIn" Val="implementation"/>
        <Attr Name="UsedIn" Val="simulation"/>
      </FileInfo>
    </File>
    <Config>
      <Option Name="TopModule" Val="bitmaps"/>
      <Option Name="UseBlackboxStub" Val="1"/>
    </Config>
  </FileSet>
  <FileSet Name="constrs_in" Type="BlockSrcs" RelSrcDir="$PSRCDIR/bitmaps">
    <File Path="$PSRCDIR/sources_1/ip/bitmaps/bitmaps.xci">
      <FileInfo>
        <Attr Name="UsedIn" Val="synthesis"/>
        <Attr Name="UsedIn" Val="implementation"/>
        <Attr Name="UsedIn" Val="simulation"/>
      </FileInfo>
    </File>
    <Config>
      <Option Name="TopModule" Val="bitmaps"/>
      <Option Name="UseBlackboxStub" Val="1"/>
    </Config>
  </FileSet>
  <FileSet Name="utils" Type="Utils" RelSrcDir="$PSRCDIR/utils_1">
    <Filter Type="Utils"/>
    <Config>
      <Option Name="TopAutoSet" Val="TRUE"/>
    </Config>
  </FileSet>
  <Strategy Version="1" Minor="2">
    <StratHandle Name="Vivado Synthesis Defaults" Flow="Vivado Synthesis 2021"/>
    <Step Id="synth_design"/>
  </Strategy>
</GenRun>
