<?xml version="1.0" encoding="UTF-8"?>
<GenRun Id="ascii_memory_synth_1" LaunchPart="xc7a35tcpg236-1" LaunchTime="1685644011">
  <File Type="PA-TCL" Name="ascii_memory.tcl"/>
  <File Type="REPORTS-TCL" Name="ascii_memory_reports.tcl"/>
  <File Type="RDS-RDS" Name="ascii_memory.vds"/>
  <File Type="RDS-UTIL" Name="ascii_memory_utilization_synth.rpt"/>
  <File Type="RDS-UTIL-PB" Name="ascii_memory_utilization_synth.pb"/>
  <File Type="RDS-DCP" Name="ascii_memory.dcp"/>
  <FileSet Name="sources" Type="BlockSrcs" RelSrcDir="$PSRCDIR/ascii_memory">
    <File Path="$PSRCDIR/sources_1/ip/ascii_memory/ascii_memory.xci">
      <FileInfo>
        <Attr Name="UsedIn" Val="synthesis"/>
        <Attr Name="UsedIn" Val="implementation"/>
        <Attr Name="UsedIn" Val="simulation"/>
      </FileInfo>
    </File>
    <Config>
      <Option Name="TopModule" Val="ascii_memory"/>
      <Option Name="UseBlackboxStub" Val="1"/>
    </Config>
  </FileSet>
  <FileSet Name="constrs_in" Type="BlockSrcs" RelSrcDir="$PSRCDIR/ascii_memory">
    <File Path="$PSRCDIR/sources_1/ip/ascii_memory/ascii_memory.xci">
      <FileInfo>
        <Attr Name="UsedIn" Val="synthesis"/>
        <Attr Name="UsedIn" Val="implementation"/>
        <Attr Name="UsedIn" Val="simulation"/>
      </FileInfo>
    </File>
    <Config>
      <Option Name="TopModule" Val="ascii_memory"/>
      <Option Name="UseBlackboxStub" Val="1"/>
    </Config>
  </FileSet>
  <FileSet Name="utils" Type="Utils" RelSrcDir="$PSRCDIR/utils_1">
    <Filter Type="Utils"/>
    <Config>
      <Option Name="TopAutoSet" Val="TRUE"/>
    </Config>
  </FileSet>
  <Strategy Version="1" Minor="2">
    <StratHandle Name="Vivado Synthesis Defaults" Flow="Vivado Synthesis 2021"/>
    <Step Id="synth_design"/>
  </Strategy>
</GenRun>
